ID, TITLE, DESCRIPTION, PRICE
1,Taribuhari,This is life my moard,1000.00
2,This is Jay,Whether for even. Whether for even. Whether for even,500.00
3,The Gold Man Saxova,This is a synopsis,2000.00
4,22,Test me,11.00
5,The Copper Girl,Trinadio of passion,5000.00
6,Bentley,Rolce royce,100.00
7,The Time is Now,We march in to the prairies at dawn,3000.00
8,Webst ,wonderful God,50.00
9,Whe,sdfsfs,6.00
10,Time is ek,westfield,30.00
11,Trinidad and Tobago,First nationals,3000.00
12,Nightking,Winter is here,90.00
13,Time,Is on my side,70.00
14,Tripartite,West bound,4000.00
15,Tipisirus,Weding gues,33.00
16,This is the good beginning,I will thrive excellently,5000.00
17,Connan and the Babarians,A story of adventures on Connan among the babarians,3000.00
18,Titilayo,May it be... a brand new road before you ,10.00
19,The gerrry gato,May sotaria,7.60
20,jkljkj,jlkjljlk,50.00
21,This is nice,wy ,40.00
22,This is it,Thank you lord,88.88
23,Akins Business ,The Business Gym,500.49
24,This,forever,60000.00